"Status","Start Time","Stop Time","Duration in ms","Parent Suite","Suite","Sub Suite","Test Class","Test Method","Name","Description"
"broken","Sat Feb 29 15:03:14 CST 2020","Sat Feb 29 15:03:14 CST 2020","0","unit","test_para","","","","test_para_zero1_param[0-0-none]",""
"passed","Sat Feb 29 15:03:14 CST 2020","Sat Feb 29 15:03:14 CST 2020","0","unit","test_para","","","","test_para_int_param[10-2-5]",""
"failed","Sat Feb 29 15:03:14 CST 2020","Sat Feb 29 15:03:14 CST 2020","0","unit","test_para","","","","test_para_float_param[-10-2.1--4.76]",""
"passed","Sat Feb 29 15:03:14 CST 2020","Sat Feb 29 15:03:14 CST 2020","0","unit","test_para","","","","test_para_int_param[10-5-2]",""
"passed","Sat Feb 29 15:03:15 CST 2020","Sat Feb 29 15:03:15 CST 2020","0","unit","test_para","","","","test_para_zero1_param[0-3-0]",""
"failed","Sat Feb 29 15:03:14 CST 2020","Sat Feb 29 15:03:14 CST 2020","1","unit","test_para","","","","test_para_float_param[10-3-3.3]",""
"broken","Sat Feb 29 15:03:15 CST 2020","Sat Feb 29 15:03:15 CST 2020","0","unit","test_para","","","","test_para_str_param[10-a-Error]",""
"passed","Sat Feb 29 15:03:15 CST 2020","Sat Feb 29 15:03:15 CST 2020","0","unit","test_para","","","","test_para_zero1_param[0--1-0]",""
"broken","Sat Feb 29 15:03:15 CST 2020","Sat Feb 29 15:03:15 CST 2020","0","unit","test_para","","","","test_para_str_param[a-b-Error]",""
"passed","Sat Feb 29 15:03:14 CST 2020","Sat Feb 29 15:03:14 CST 2020","1","unit","test_para","","","","test_para_int_param[-10--2-5]",""
"passed","Sat Feb 29 15:03:14 CST 2020","Sat Feb 29 15:03:14 CST 2020","0","unit","test_para","","","","test_para_int_param[100000000-1-100000000]",""
"broken","Sat Feb 29 15:03:15 CST 2020","Sat Feb 29 15:03:15 CST 2020","0","unit","test_para","","","","test_para_zero1_param[1-0-none]",""
"failed","Sat Feb 29 15:03:14 CST 2020","Sat Feb 29 15:03:14 CST 2020","2","unit","test_para","","","","test_para_float_param[10.2-0.2-51]",""
"passed","Sat Feb 29 15:03:14 CST 2020","Sat Feb 29 15:03:14 CST 2020","2","unit","test_para","","","","test_para_int_param[-10-2--5]",""
